{"mean": [-2.0045693500176437e-17, -5.4978545883300484e-17, -0.9995217033644356, 0.009672037109989984, 22.985347222222224], "scale": [0.7071067811865476, 0.7071067811865476, 0.00046576240891227437, 0.029370040295832893, 4.696474728925594]}